{  "readings ": [ {  "timestamp ": 1512049649158,  "powerDeliveredkW ": 58.217000,  "stateOfCharge ": 10 },{  "timestamp ": 1512049649159,  "powerDeliveredkW ": 58.217000,  "stateOfCharge ": 10 } ,{  "timestamp ": 1512049649160,  "powerDeliveredkW ": 58.217000,  "stateOfCharge ": 15 }, {  "timestamp ": 1512049649161,  "powerDeliveredkW ": 58.217000,  "stateOfCharge ": 19 } , {  "timestamp ": 1512049649162,  "powerDeliveredkW ": 58.217000,  "stateOfCharge ": 20 } , {  "timestamp ": 1512049649163,  "powerDeliveredkW ": 58.217000,  "stateOfCharge ": 26 } , {  "timestamp ": 1512049649164,  "powerDeliveredkW ": 58.217000,  "stateOfCharge ": 31 } , {  "timestamp ": 1512049649165,  "powerDeliveredkW ": 58.217000,  "stateOfCharge ": 41 } , {  "timestamp ": 1512049649166,  "powerDeliveredkW ": 58.217000,  "stateOfCharge ": 51 }   ] }          
